season,episode,episode_id,title,imdb_id,hist1_pct,hist2_pct,hist3_pct,hist4_pct,hist5_pct,hist6_pct,hist7_pct,hist8_pct,hist9_pct,hist10_pct,avg_anger,avg_awkwardness,avg_frustration_or_despair,avg_humor,avg_joy_or_excitement,avg_sarcasm,avg_self_deprecation,contestant_avg_age,contestant_prop_female,contestant_prop_comedians,contestant_nationality_diversity,contestant_avg_experience
1,1,1_1,Melon buffet,tt4950176,1.0,0.2,0.5,0.5,2.2,4.1,17.7,33.4,20.3,20.1,0.2458333333333333,2.3833333333333333,0.0125,3.1375,0.0583333333333333,1.925,1.7125,40.2,0.2,0.6,2,24.333333333333332
1,2,1_2,The pie whisperer,tt4950200,0.8,0.3,0.6,0.6,1.1,4.7,11.1,29.0,29.2,22.6,0.3469387755102041,2.346938775510204,0.0163265306122449,3.240816326530612,0.0326530612244898,2.306122448979592,1.8081632653061224,40.2,0.2,0.6,2,24.333333333333332
1,3,1_3,The poet and the egg,tt4950210,0.6,0.0,0.6,0.3,0.9,4.8,14.3,29.5,25.9,23.2,0.3836734693877551,2.3836734693877553,0.0204081632653061,3.220408163265306,0.0448979591836734,2.240816326530612,1.8612244897959185,40.2,0.2,0.6,2,24.333333333333332
1,4,1_4,Down an octave,tt4956136,0.9,0.3,0.3,0.6,0.3,3.7,14.5,31.5,25.3,22.5,0.216,2.544,0.012,3.136,0.028,2.076,1.78,40.2,0.2,0.6,2,24.333333333333332
1,5,1_5,Little denim shorts,tt4970856,0.6,0.3,0.3,0.6,1.0,4.4,16.5,34.0,21.9,20.3,0.2326530612244897,2.5061224489795917,0.0204081632653061,3.036734693877551,0.0122448979591836,1.926530612244898,1.6816326530612244,40.2,0.2,0.6,2,24.333333333333332
1,6,1_6,The Last Supper,tt5040506,0.6,0.6,0.0,0.6,1.3,5.4,19.6,32.6,19.3,19.9,0.2260536398467433,2.1839080459770117,0.0191570881226053,3.1839080459770117,0.0459770114942528,2.1149425287356323,1.6666666666666667,40.2,0.2,0.6,2,24.333333333333332
2,1,2_1,Fear of failure,tt5070228,1.2,0.6,0.6,0.6,0.3,3.6,12.2,26.2,27.7,27.1,0.2073170731707317,2.386178861788618,0.0040650406504065,3.1463414634146343,0.0203252032520325,1.967479674796748,1.6382113821138211,38.0,0.2,0.8,3,26.0
2,2,2_2,Pork is a sausage,tt5785480,1.4,1.0,1.4,0.7,0.7,4.4,17.0,30.3,21.4,21.8,0.1505791505791505,2.301158301158301,0.0077220077220077,3.3745173745173744,0.0308880308880308,2.088803088803089,1.6795366795366795,38.0,0.2,0.8,3,26.0
2,3,2_3,A pistachio éclair,tt5785478,1.4,0.3,0.7,0.7,2.0,4.4,18.4,30.6,20.1,21.4,0.1028368794326241,2.4148936170212765,0.0106382978723404,2.964539007092198,0.0638297872340425,1.8439716312056735,1.5638297872340423,38.0,0.2,0.8,3,26.0
2,4,2_4,Welcome to Rico Face,tt5785484,1.4,0.7,0.7,0.7,1.0,4.8,17.3,34.6,20.4,18.3,0.2862903225806452,2.4475806451612905,0.0040322580645161,3.318548387096774,0.0483870967741935,2.120967741935484,1.7661290322580645,38.0,0.2,0.8,3,26.0
2,5,2_5,There’s strength in arches,tt5785482,1.7,0.7,0.7,0.3,0.7,2.7,15.9,29.2,22.9,25.2,0.2599118942731278,2.2422907488986783,0.0088105726872246,3.171806167400881,0.066079295154185,2.0837004405286343,1.6123348017621146,38.0,0.2,0.8,3,26.0
3,1,3_1,A pea in a haystack,tt5070230,0.7,0.3,0.7,0.0,0.3,4.1,16.2,33.8,20.3,23.6,0.1004016064257028,2.2971887550200805,0.0,3.1365461847389557,0.0763052208835341,1.927710843373494,1.5180722891566265,40.0,0.2,1.0,2,30.0
3,2,3_2,The dong and the gong,tt6114352,1.1,0.4,0.4,0.4,0.0,4.9,13.7,34.7,20.4,24.2,0.2304526748971193,2.4814814814814814,0.0123456790123456,3.065843621399177,0.0288065843621399,2.102880658436214,1.530864197530864,40.0,0.2,1.0,2,30.0
3,3,3_3,Little polythene grief cave,tt6114356,1.4,0.0,0.4,0.4,0.4,4.3,16.7,35.1,18.5,22.8,0.1483050847457627,2.3516949152542375,0.0254237288135593,3.2245762711864407,0.0720338983050847,2.0847457627118646,1.652542372881356,40.0,0.2,1.0,2,30.0
3,4,3_4,A very nuanced character,tt6114358,1.1,0.4,0.4,0.4,0.7,4.8,18.5,35.2,17.8,20.7,0.1487603305785124,2.458677685950413,0.0082644628099173,3.169421487603306,0.0206611570247933,2.0702479338842976,1.5661157024793388,40.0,0.2,1.0,2,30.0
3,5,3_5,The F.I.P.,tt6114382,1.1,0.0,0.7,0.4,0.4,4.4,14.6,33.2,23.4,21.9,0.296,2.52,0.02,3.068,0.08,2.168,1.6,40.0,0.2,1.0,2,30.0
4,1,4_1,A fat bald white man,tt6396216,1.0,0.3,0.6,0.6,0.3,3.8,15.9,26.7,23.8,27.0,0.1725663716814159,2.3849557522123894,0.0176991150442477,3.168141592920354,0.0707964601769911,2.0353982300884956,1.575221238938053,40.4,0.4,1.0,2,20.333333333333332
4,2,4_2,Look at me,tt6397392,0.7,0.4,0.0,0.7,0.7,2.5,19.4,27.6,20.5,27.6,0.2169811320754717,2.60377358490566,0.0141509433962264,3.037735849056604,0.0283018867924528,2.1367924528301887,1.669811320754717,40.4,0.4,1.0,2,20.333333333333332
4,3,4_3,Hollowing out a baguette,tt6397394,1.0,0.0,0.3,1.0,0.0,3.1,16.7,24.0,25.1,28.6,0.1722846441947565,2.4344569288389515,0.0037453183520599,3.1048689138576777,0.0374531835205992,1.9662921348314608,1.5655430711610487,40.4,0.4,1.0,2,20.333333333333332
4,4,4_4,Friendship is truth,tt6397398,1.5,0.4,0.4,0.7,1.1,6.3,19.2,33.6,15.9,21.0,0.0922330097087378,2.4174757281553396,0.0242718446601941,3.179611650485437,0.0242718446601941,2.0194174757281553,1.5339805825242718,40.4,0.4,1.0,2,20.333333333333332
4,5,4_5,Meat,tt6397390,0.7,0.0,0.7,0.4,0.4,4.1,15.4,28.8,22.5,27.0,0.1473214285714285,2.40625,0.0178571428571428,3.0982142857142856,0.0267857142857142,1.7857142857142858,1.4642857142857142,40.4,0.4,1.0,2,20.333333333333332
4,6,4_6,Spatchcock it,tt6397396,1.1,0.4,0.4,0.4,0.7,5.2,20.6,33.7,16.1,21.3,0.2006802721088435,2.4776785714285716,0.0204778156996587,3.1345454545454547,0.0653846153846153,1.99625468164794,1.6123348017621146,40.4,0.4,1.0,2,20.333333333333332
4,7,4_7,No stars for naughty boys,tt6397402,0.8,0.4,0.4,0.4,0.4,2.7,17.8,28.0,22.0,27.3,0.1511111111111111,2.577777777777778,0.6977777777777778,3.0933333333333333,1.1466666666666667,1.991111111111111,1.568888888888889,40.4,0.4,1.0,2,20.333333333333332
4,8,4_8,Tony Three Pies,tt6397400,1.5,0.0,0.4,1.1,0.4,1.5,14.2,23.3,28.7,29.1,0.125,2.2857142857142856,0.0178571428571428,3.3660714285714284,0.0714285714285714,1.9151785714285712,1.5714285714285714,40.4,0.4,1.0,2,20.333333333333332
5,1,5_1,Not in Hologram,tt7112824,1.1,0.4,0.4,1.1,0.7,5.1,17.0,33.6,18.4,22.4,0.2327586206896551,2.336206896551724,0.021551724137931,3.2327586206896552,0.0646551724137931,1.9698275862068968,1.5775862068965518,41.4,0.4,0.4,2,24.333333333333332
5,2,5_2,A Wind-dried Puffin,tt7413768,0.8,0.0,0.8,0.8,0.8,7.0,16.3,34.1,15.9,23.6,0.1201550387596899,2.310077519379845,0.0,3.2751937984496124,0.065891472868217,1.7829457364341086,1.4844961240310075,41.4,0.4,0.4,2,24.333333333333332
5,3,5_3,Phoenix,tt7413770,0.8,0.4,0.0,0.4,1.6,4.3,18.0,30.1,21.1,23.4,0.3118811881188119,2.391089108910891,0.0445544554455445,3.282178217821782,0.0445544554455445,2.2475247524752477,1.7178217821782178,41.4,0.4,0.4,2,24.333333333333332
5,4,5_4,Residue,tt7437604,0.8,0.4,0.0,0.8,1.6,6.0,20.4,32.4,14.4,23.2,0.1779359430604982,2.416370106761566,0.0071174377224199,3.206405693950178,0.0533807829181494,1.8718861209964412,1.6156583629893235,41.4,0.4,0.4,2,24.333333333333332
5,5,5_5,Spoony Neeson,tt7442352,1.1,0.0,0.4,0.8,1.5,2.6,13.5,26.3,24.4,29.3,0.25,2.467741935483871,0.0080645161290322,3.1774193548387095,0.0362903225806451,2.096774193548387,1.7459677419354838,41.4,0.4,0.4,2,24.333333333333332
5,6,5_6,Dignity Intact,tt7442356,1.2,0.4,0.0,0.4,1.2,2.7,15.6,29.2,22.2,27.2,0.1690821256038647,2.5169082125603865,0.7294685990338164,3.072463768115942,1.1256038647342994,2.0386473429951693,1.671497584541063,41.4,0.4,0.4,2,24.333333333333332
5,7,5_7,The Leprechaun or the Lesbian,tt7442368,1.2,0.0,0.4,1.2,1.2,3.3,18.3,36.2,15.0,23.2,0.1651376146788991,2.311926605504587,0.963302752293578,3.1788990825688073,1.298165137614679,1.9220183486238531,1.6055045871559632,41.4,0.4,0.4,2,24.333333333333332
5,8,5_8,Their Water's So Delicious,tt7442370,1.8,0.3,0.0,0.3,0.9,2.4,7.6,17.0,22.1,47.6,0.1346938775510204,2.3346938775510204,0.0122448979591836,3.2,0.0693877551020408,1.804081632653061,1.5877551020408165,41.4,0.4,0.4,2,24.333333333333332
6,1,6_1,The old soft curved padlock,tt8045348,2.7,0.8,1.2,2.3,1.9,8.8,24.2,31.9,9.2,16.9,0.2006802721088435,2.4776785714285716,0.0204778156996587,3.1345454545454547,0.0653846153846153,1.99625468164794,1.6123348017621146,41.2,0.4,0.6,2,28.0
6,2,6_2,Tarpeters,tt8045990,2.1,1.3,1.3,2.5,1.7,5.5,21.9,35.0,11.0,17.7,0.2598425196850393,2.322834645669291,0.7480314960629921,3.1692913385826773,1.3070866141732282,2.0196850393700787,1.578740157480315,41.2,0.4,0.6,2,28.0
6,3,6_3,One warm prawn,tt8046950,3.0,0.9,0.4,2.1,3.4,7.7,30.5,26.6,8.2,17.2,0.1984435797665369,2.3891050583657587,0.708171206225681,3.054474708171206,1.1361867704280155,1.980544747081712,1.6264591439688716,41.2,0.4,0.6,2,28.0
6,4,6_4,BMXing!,tt8046954,3.0,0.9,0.9,2.2,1.3,7.3,25.0,31.5,8.6,19.4,0.2222222222222222,2.4827586206896552,0.0076628352490421,3.0153256704980844,0.057471264367816,1.8735632183908049,1.4942528735632183,41.2,0.4,0.6,2,28.0
6,5,6_5,H,tt8046956,1.8,0.4,0.4,0.9,0.9,5.4,22.3,33.9,12.9,21.0,0.1700404858299595,2.263157894736842,0.020242914979757,3.437246963562753,0.0526315789473684,2.0445344129554655,1.6639676113360324,41.2,0.4,0.6,2,28.0
6,6,6_6,We met at mealtimes,tt8046962,1.4,0.5,0.5,2.3,2.3,6.8,24.1,33.6,10.9,17.7,0.1881918819188192,2.376383763837638,0.011070110701107,3.129151291512915,0.062730627306273,1.863468634686347,1.5387453874538746,41.2,0.4,0.6,2,28.0
6,7,6_7,Roadkill doused in syrup,tt8046964,1.4,0.9,0.0,1.4,2.3,5.9,21.8,29.1,15.9,21.4,0.115079365079365,2.484126984126984,0.6587301587301587,3.1468253968253967,1.123015873015873,1.988095238095238,1.5674603174603174,41.2,0.4,0.6,2,28.0
6,8,6_8,What kind of pictures?,tt8046966,1.4,0.9,0.9,0.9,0.9,10.2,31.0,29.2,6.9,17.6,0.0576271186440678,2.3728813559322033,0.0101694915254237,3.2542372881355934,0.1932203389830508,1.8203389830508472,1.5559322033898304,41.2,0.4,0.6,2,28.0
6,9,6_9,The Bubble Brothers,tt8046974,1.9,1.0,0.0,1.4,1.4,4.3,20.0,40.0,12.9,17.1,0.2415730337078651,2.337078651685393,0.0280898876404494,3.2865168539325844,0.0674157303370786,2.151685393258427,1.6067415730337078,41.2,0.4,0.6,2,28.0
6,10,6_10,He was a different man,tt8046978,1.8,0.4,0.0,0.4,1.3,4.9,16.6,32.7,16.1,25.6,0.1871657754010695,2.27807486631016,0.0213903743315508,3.299465240641711,0.0641711229946524,2.2406417112299466,1.6524064171122994,41.2,0.4,0.6,2,28.0
7,1,7_1,The mean bean,tt8046982,1.4,0.3,0.3,0.3,1.4,2.7,11.9,31.4,20.5,29.7,0.2163265306122449,2.583673469387755,0.0326530612244898,3.2244897959183674,0.0326530612244898,2.1714285714285713,1.6775510204081632,37.6,0.4,0.2,3,22.5
7,2,7_2,My eyes are circles,tt8047786,1.1,0.4,0.4,0.0,1.5,3.4,14.8,35.7,14.8,27.8,0.22007722007722,2.4594594594594597,0.6718146718146718,3.2316602316602316,1.2702702702702702,2.027027027027027,1.4826254826254823,37.6,0.4,0.2,3,22.5
7,3,7_3,Twelve blush majesty two,tt8047790,1.1,0.0,0.4,0.4,1.9,2.7,12.6,30.3,21.5,29.1,0.2146118721461187,2.2968036529680367,0.0228310502283105,3.278538812785388,0.0547945205479452,1.917808219178082,1.6757990867579908,37.6,0.4,0.2,3,22.5
7,4,7_4,OLLIE,tt8047792,1.8,0.4,0.0,1.1,1.4,0.7,10.7,25.0,25.7,33.2,0.234375,2.30859375,0.9140625,3.33203125,1.51953125,1.98046875,1.640625,37.6,0.4,0.2,3,22.5
7,5,7_5,Lotta soup,tt8047794,1.2,0.0,0.8,1.2,1.2,5.1,13.8,34.8,16.2,25.7,0.2191235059760956,2.3904382470119523,0.0119521912350597,3.099601593625498,0.0717131474103585,1.948207171314741,1.5537848605577689,37.6,0.4,0.2,3,22.5
7,6,7_6,A coquettish fascinator,tt8047796,1.9,0.0,0.8,0.4,1.1,2.7,16.7,25.4,22.3,28.8,0.3247232472324723,2.339483394833948,0.014760147601476,3.140221402214022,0.040590405904059,1.966789667896679,1.5904059040590406,37.6,0.4,0.2,3,22.5
7,7,7_7,The perfect stuff,tt8047798,1.4,0.4,0.7,0.0,1.1,2.5,10.6,26.9,20.5,36.0,0.2179487179487179,2.3119658119658117,0.0256410256410256,3.1153846153846154,0.1025641025641025,1.9572649572649572,1.5256410256410255,37.6,0.4,0.2,3,22.5
7,8,7_8,Mother honks her horn,tt8047800,1.2,0.4,0.0,0.4,2.3,3.5,12.5,33.1,18.7,28.0,0.2489795918367346,2.3551020408163263,0.0163265306122449,3.122448979591837,0.0897959183673469,1.8244897959183672,1.3877551020408163,37.6,0.4,0.2,3,22.5
8,1,8_1,Hello,tt8046984,1.2,0.8,0.8,1.6,2.4,4.0,25.0,33.1,12.9,18.1,0.2008733624454148,2.489082969432314,0.0087336244541484,3.2052401746724892,0.0174672489082969,1.9737991266375543,1.6462882096069869,31.6,0.4,0.6,4,16.0
8,3,8_3,Stuck in a mammal groove,tt8047810,1.4,0.5,1.4,0.9,2.3,6.0,24.0,36.4,8.3,18.9,0.2614107883817427,2.4066390041493775,0.0082987551867219,3.2572614107883817,0.1120331950207468,2.112033195020747,1.5560165975103737,31.6,0.4,0.6,4,16.0
8,4,8_4,The barrel dad,tt10385360,1.4,0.0,0.9,0.0,3.2,5.5,21.1,32.6,14.7,20.6,0.1063829787234042,2.4148936170212765,0.7021276595744681,3.1347517730496453,1.216312056737589,1.9645390070921984,1.549645390070922,31.6,0.4,0.6,4,16.0
8,5,8_5,Stay humble,tt10385362,0.9,0.9,0.9,0.5,0.9,7.6,26.5,31.8,9.5,20.4,0.188,2.464,0.008,3.304,0.088,1.82,1.616,31.6,0.4,0.6,4,16.0
8,6,8_6,Rock ‘n’ roll umlaut,tt10385364,1.0,0.0,1.0,1.0,0.5,5.3,25.2,36.9,8.3,20.9,0.2386831275720164,2.3950617283950617,0.0246913580246913,3.1440329218106995,0.0617283950617283,2.049382716049383,1.5020576131687242,31.6,0.4,0.6,4,16.0
8,7,8_7,This is Trevor,tt8047818,1.0,0.0,1.0,1.5,0.5,4.9,26.5,32.8,10.8,21.1,0.184,2.352,0.012,3.18,0.092,2.136,1.544,31.6,0.4,0.6,4,16.0
8,8,8_8,Aquatic sewing machine,tt8047822,1.0,0.0,0.0,0.5,2.9,3.3,19.5,35.7,13.3,23.8,0.1557377049180328,2.5081967213114753,0.0368852459016393,3.0614754098360657,0.0860655737704918,1.913934426229508,1.4672131147540983,31.6,0.4,0.6,4,16.0
8,9,8_9,I’ve been a bit ill,tt8047824,1.0,0.5,0.0,1.0,2.0,5.5,20.9,36.8,10.9,21.4,0.1698841698841698,2.4671814671814674,0.0424710424710424,3.0926640926640925,0.0656370656370656,2.034749034749035,1.6293436293436294,31.6,0.4,0.6,4,16.0
8,10,8_10,Clumpy swayey clumsy man,tt8047826,0.9,0.0,0.0,0.9,2.8,3.8,17.5,29.2,19.3,25.5,0.256198347107438,2.384297520661157,0.8760330578512396,3.152892561983471,1.384297520661157,1.884297520661157,1.6611570247933884,31.6,0.4,0.6,4,16.0
9,1,9_1,Join Our Cult,tt10382866,1.3,0.4,0.9,0.0,1.8,3.5,23.7,33.8,13.2,21.5,0.167381974248927,2.390557939914163,0.0214592274678111,3.3862660944206007,0.1287553648068669,2.07725321888412,1.6824034334763949,36.6,0.6,0.8,4,38.0
9,2,9_2,Butter in the Microwave,tt10382868,1.7,0.0,0.9,1.3,0.9,1.3,13.9,30.4,17.4,32.2,0.2062256809338521,2.6108949416342413,0.0428015564202334,3.214007782101167,0.0389105058365758,2.019455252918288,1.595330739299611,36.6,0.6,0.8,4,38.0
9,3,9_3,A Cuddle,tt10382874,1.4,0.5,0.0,0.9,3.3,2.8,23.0,33.8,14.1,20.2,0.2467532467532467,2.5238095238095237,0.0303030303030303,3.1774891774891776,0.0909090909090909,2.0562770562770565,1.6796536796536796,36.6,0.6,0.8,4,38.0
9,4,9_4,The Barrel Dad,tt8047812,1.9,0.0,0.5,0.5,0.9,2.4,18.5,34.1,13.7,27.5,0.1304347826086956,2.378260869565217,0.017391304347826,3.234782608695652,0.0826086956521739,1.9739130434782608,1.565217391304348,36.6,0.6,0.8,4,38.0
9,5,9_5,Stay Humble,tt8047816,1.4,0.0,1.0,0.5,1.0,4.8,17.4,38.6,10.6,24.6,0.146788990825688,2.389908256880734,0.0458715596330275,3.1192660550458715,0.1743119266055046,1.9220183486238531,1.6055045871559632,36.6,0.6,0.8,4,38.0
9,6,9_6,Rock 'n' Roll Umlaut,tt8047820,1.5,0.5,0.5,0.0,2.0,4.9,24.6,35.0,10.8,20.2,0.2006802721088435,2.4776785714285716,0.0204778156996587,3.1345454545454547,0.0653846153846153,1.99625468164794,1.6123348017621146,36.6,0.6,0.8,4,38.0
9,7,9_7,This is Trevor,tt10382878,1.5,0.5,0.0,1.0,0.5,3.0,26.0,33.0,10.5,24.0,0.2913043478260869,2.5217391304347827,0.0260869565217391,3.256521739130435,0.1217391304347826,2.11304347826087,1.7173913043478262,36.6,0.6,0.8,4,38.0
9,8,9_8,Aquatic Sewing Machine,tt10382880,1.5,0.5,0.5,0.0,0.0,4.0,22.1,35.7,11.6,24.1,0.2006802721088435,2.4776785714285716,0.0204778156996587,3.1345454545454547,0.0653846153846153,1.99625468164794,1.6123348017621146,36.6,0.6,0.8,4,38.0
9,9,9_9,I've Been a Bit Ill,tt10383296,1.5,0.0,0.5,2.0,0.0,3.0,15.0,35.0,15.5,27.5,0.1458333333333333,2.4791666666666665,0.0166666666666666,3.1166666666666667,0.0708333333333333,1.9541666666666664,1.725,36.6,0.6,0.8,4,38.0
9,10,9_10,Clumpy Swayey Clumsy Man,tt10457130,1.5,0.5,0.0,0.5,2.0,2.5,15.3,25.2,20.3,32.2,0.2018348623853211,2.376146788990826,0.073394495412844,3.2660550458715596,0.0779816513761468,2.0091743119266057,1.6605504587155964,36.6,0.6,0.8,4,38.0
10,1,10_1,God’s haemorrhoid,tt8046986,1.9,1.5,1.9,1.9,2.7,5.4,21.9,30.8,9.2,22.7,0.1793103448275862,2.406896551724138,0.0448275862068965,3.1,0.0620689655172413,2.086206896551724,1.5689655172413792,41.4,0.4,0.4,2,22.333333333333332
10,2,10_2,A documentary about a despot,tt8047830,2.6,1.3,0.4,3.0,3.0,6.0,28.4,27.2,7.8,20.3,0.2167832167832167,2.506993006993007,0.0314685314685314,3.1433566433566433,0.0664335664335664,1.937062937062937,1.611888111888112,41.4,0.4,0.4,2,22.333333333333332
10,4,10_4,Toshwash,tt8047832,2.8,1.4,0.5,1.8,4.6,6.4,26.1,27.1,10.1,19.3,0.2013651877133105,2.569965870307167,0.0204778156996587,3.136518771331058,0.0511945392491467,2.0102389078498293,1.5563139931740615,41.4,0.4,0.4,2,22.333333333333332
10,5,10_5,I hate your trainers,tt8047836,3.2,1.4,0.9,2.8,4.6,4.6,23.1,25.0,10.2,24.1,0.1310344827586207,2.713793103448276,0.7793103448275862,3.1758620689655173,0.9724137931034482,2.189655172413793,1.7137931034482758,41.4,0.4,0.4,2,22.333333333333332
10,6,10_6,Hippopotamus,tt8047838,2.9,0.5,0.5,2.4,1.9,4.8,22.5,30.6,11.5,22.5,0.2895622895622896,2.5454545454545454,0.0101010101010101,3.124579124579125,0.037037037037037,2.006734006734007,1.6228956228956228,41.4,0.4,0.4,2,22.333333333333332
10,8,10_8,Moments of silence,tt8047842,2.5,1.0,1.0,3.5,3.0,8.0,27.1,25.6,7.0,21.1,0.2589285714285714,2.4776785714285716,0.0178571428571428,3.080357142857143,0.0491071428571428,2.0357142857142856,1.6696428571428572,41.4,0.4,0.4,2,22.333333333333332
10,9,10_9,Air Horn Andy,tt8047848,3.3,1.6,0.5,1.1,2.7,6.0,23.4,30.4,9.8,21.2,0.2631578947368421,2.5020242914979756,0.0242914979757085,2.9919028340080973,0.0080971659919028,2.0242914979757085,1.639676113360324,41.4,0.4,0.4,2,22.333333333333332
10,10,10_10,Dog meat trifle,tt8047850,2.6,0.5,0.5,2.6,1.0,7.3,21.5,29.3,13.6,20.9,0.2124542124542124,2.388278388278388,0.0109890109890109,3.10989010989011,0.0732600732600732,1.827838827838828,1.5824175824175823,41.4,0.4,0.4,2,22.333333333333332
11,1,11_1,It’s not your fault,tt13667104,0.0,1.2,0.0,0.4,0.8,5.8,23.5,27.6,17.3,23.5,0.1626297577854671,2.42560553633218,0.0276816608996539,3.0519031141868513,0.0657439446366782,1.9480968858131489,1.7335640138408304,39.6,0.4,0.6,2,18.666666666666668
11,2,11_2,The lure of the treacle puppies,tt13667110,0.0,0.9,0.0,0.0,1.3,4.5,23.2,25.0,19.6,25.4,0.3089700996677741,2.514950166112957,0.0166112956810631,3.0299003322259135,0.0265780730897009,2.2458471760797343,1.6511627906976745,39.6,0.4,0.6,2,18.666666666666668
11,3,11_3,Run up a tree to the moon,tt13667132,0.4,0.4,0.9,1.8,2.2,5.8,30.0,26.0,12.1,20.2,0.2181208053691275,2.610738255033557,0.0268456375838926,2.9832214765100673,0.0436241610738255,2.1241610738255035,1.580536912751678,39.6,0.4,0.6,2,18.666666666666668
11,4,11_4,Premature conker,tt13667142,0.5,0.0,0.5,0.9,0.9,4.7,20.3,24.5,20.8,26.9,0.1796610169491525,2.6915254237288138,0.023728813559322,2.9593220338983053,0.0067796610169491,2.0203389830508476,1.6271186440677967,39.6,0.4,0.6,2,18.666666666666668
11,5,11_5,Slap and tong,tt13667152,0.0,0.0,0.5,0.0,1.4,5.1,19.2,25.2,21.0,27.6,0.171875,2.584375,0.0125,3.196875,0.028125,1.965625,1.7,39.6,0.4,0.6,2,18.666666666666668
11,6,11_6,Absolute casserole,tt13667164,1.1,0.7,0.7,0.4,0.7,3.0,11.1,17.3,17.7,47.2,0.2145110410094637,2.6151419558359623,0.0252365930599369,3.1293375394321767,0.0378548895899053,2.0252365930599368,1.719242902208202,39.6,0.4,0.6,2,18.666666666666668
11,7,11_7,You’ve got no chutzpah,tt13667168,0.5,0.0,0.0,0.0,0.5,6.2,23.6,30.3,16.9,22.1,0.1891025641025641,2.6506410256410255,0.016025641025641,3.0801282051282053,0.032051282051282,2.0416666666666665,1.6057692307692308,39.6,0.4,0.6,2,18.666666666666668
11,8,11_8,An orderly species,tt13667174,0.0,0.5,0.0,0.0,0.5,6.0,20.5,32.5,19.5,20.5,0.1382636655948553,2.6334405144694535,0.0032154340836012,3.135048231511254,0.0546623794212218,1.990353697749196,1.585209003215434,39.6,0.4,0.6,2,18.666666666666668
11,9,11_9,Mr Octopus and Pottyhands,tt13667180,0.0,0.5,0.0,0.5,1.0,6.2,24.7,26.8,19.1,21.1,0.2548387096774193,2.490322580645161,0.0096774193548387,2.9806451612903224,0.0548387096774193,2.012903225806451,1.5580645161290323,39.6,0.4,0.6,2,18.666666666666668
11,10,11_10,Activate Jamali,tt13667200,0.0,0.0,0.0,0.5,0.0,4.4,15.1,23.4,26.3,30.2,0.1758957654723127,2.6156351791530943,0.019543973941368,2.990228013029316,0.0553745928338762,1.990228013029316,1.6123778501628665,39.6,0.4,0.6,2,18.666666666666668
12,1,12_1,An imbalance in the poppability,tt14687854,0.4,0.0,0.4,0.0,0.9,3.0,18.1,30.6,20.3,26.3,0.227891156462585,2.452380952380953,0.0170068027210884,3.1564625850340136,0.0578231292517006,2.006802721088435,1.663265306122449,36.2,0.6,0.6,2,22.5
12,2,12_2,Oatmeal and death,tt14687858,0.5,0.5,0.0,0.5,1.0,5.5,24.1,37.2,10.1,20.6,0.2135593220338983,2.5254237288135593,0.0576271186440678,3.105084745762712,0.1220338983050847,2.071186440677966,1.5966101694915251,36.2,0.6,0.6,2,22.5
12,3,12_3,The end of the franchise,tt14687862,0.0,0.0,0.5,1.6,1.6,7.0,25.8,35.5,7.5,20.4,0.1978798586572438,2.3886925795053005,0.0212014134275618,3.0035335689045937,0.0742049469964664,1.9293286219081272,1.4770318021201414,36.2,0.6,0.6,2,22.5
12,4,12_4,The customised inhaler,tt14687864,0.0,0.0,0.5,1.1,0.5,4.2,19.0,29.6,20.6,24.3,0.2287822878228782,2.4760147601476015,0.8413284132841329,3.088560885608856,1.1070110701107012,2.0516605166051662,1.6974169741697418,36.2,0.6,0.6,2,22.5
12,5,12_5,Croissants is croissants,tt14687866,0.0,0.6,0.0,0.0,0.0,3.9,20.0,22.8,23.9,28.9,0.2006802721088435,2.4776785714285716,0.0204778156996587,3.1345454545454547,0.0653846153846153,1.99625468164794,1.6123348017621146,36.2,0.6,0.6,2,22.5
12,6,12_6,A chair in a sweet,tt14687872,0.0,0.0,0.6,0.0,2.9,4.6,24.6,31.4,13.1,22.9,0.1923076923076923,2.4755244755244754,0.0174825174825174,3.0734265734265733,0.0874125874125874,2.013986013986014,1.6153846153846154,36.2,0.6,0.6,2,22.5
12,7,12_7,The integrity of the product,tt14687878,0.0,0.6,1.1,0.6,1.1,3.4,22.3,28.6,17.1,25.1,0.1418685121107266,2.4775086505190314,0.0069204152249134,3.114186851211073,0.0346020761245674,2.124567474048443,1.508650519031142,36.2,0.6,0.6,2,22.5
12,8,12_8,A couple of Ethels,tt14687882,0.0,0.0,0.6,0.0,1.8,3.5,22.2,35.1,12.3,24.6,0.1697416974169741,2.4132841328413286,0.0,2.996309963099631,0.047970479704797,1.977859778597786,1.6051660516605166,36.2,0.6,0.6,2,22.5
12,9,12_9,Nothing matters,tt14687888,0.0,0.0,0.6,0.0,1.2,3.0,21.0,31.7,18.6,24.0,0.1739130434782608,2.7558528428093645,1.0066889632107023,2.9364548494983276,0.9230769230769232,1.9899665551839465,1.6923076923076923,36.2,0.6,0.6,2,22.5
12,10,12_10,Caring Uncle Minpict,tt14687890,0.5,0.0,0.0,0.0,0.0,3.2,15.8,18.4,25.8,36.3,0.0931899641577061,2.5232974910394264,0.017921146953405,3.082437275985663,0.1182795698924731,1.8387096774193548,1.5304659498207884,36.2,0.6,0.6,2,22.5
13,1,13_1,The noise that blue makes,tt15532994,0.5,1.4,0.0,0.0,0.9,3.2,17.9,28.4,25.7,22.0,0.121311475409836,2.521311475409836,0.0491803278688524,3.2295081967213113,0.2262295081967213,1.7475409836065574,1.5540983606557377,43.2,0.6,0.6,3,17.0
13,2,13_2,Birdy hand finger,tt15532996,1.1,0.5,0.0,0.0,1.1,5.9,21.6,33.5,15.1,21.1,0.1357142857142857,2.6714285714285713,0.025,2.967857142857143,0.0642857142857142,1.9607142857142856,1.6,43.2,0.6,0.6,3,17.0
13,3,13_3,I think I've got this,tt15532998,1.1,0.5,0.0,2.2,1.1,4.9,20.9,30.2,15.4,23.6,0.2517241379310345,2.5448275862068965,0.0103448275862068,3.0827586206896553,0.0758620689655172,1.9551724137931037,1.5517241379310345,43.2,0.6,0.6,3,17.0
13,4,13_4,Shoe Who,tt15533000,0.5,0.5,1.0,0.5,0.0,4.2,16.1,22.4,25.5,29.2,0.3171641791044776,2.548507462686567,0.0223880597014925,3.0186567164179103,0.0746268656716417,2.0223880597014925,1.5597014925373134,43.2,0.6,0.6,3,17.0
13,5,13_5,Having a little chuckle,tt15533002,1.1,0.0,0.6,0.0,4.0,2.8,20.9,26.0,22.0,22.6,0.2328767123287671,2.530821917808219,0.0342465753424657,3.154109589041096,0.0445205479452054,1.9965753424657535,1.6712328767123288,43.2,0.6,0.6,3,17.0
13,6,13_6,The 75th question,tt15533004,0.6,0.6,0.6,0.0,1.7,4.0,15.3,28.4,21.0,27.8,0.27,2.52,0.76,3.1233333333333335,1.1733333333333331,1.9766666666666663,1.6666666666666667,43.2,0.6,0.6,3,17.0
13,7,13_7,Heg,tt15533006,2.4,0.6,0.0,0.0,2.4,6.0,21.0,32.9,12.6,22.2,0.168,2.504,0.032,3.104,0.08,2.044,1.62,43.2,0.6,0.6,3,17.0
13,8,13_8,You tuper super,tt15533008,1.2,0.6,0.6,0.6,1.2,4.9,23.8,34.1,10.4,22.6,0.1325757575757575,2.7045454545454546,0.7272727272727273,2.9318181818181817,0.9053030303030304,1.981060606060606,1.6666666666666667,43.2,0.6,0.6,3,17.0
13,9,13_9,It might be wind,tt15533010,1.2,0.0,0.6,0.6,1.2,5.0,22.4,32.3,13.0,23.6,0.1273408239700374,2.5168539325842696,0.0224719101123595,3.052434456928839,0.0337078651685393,1.9588014981273407,1.6142322097378277,43.2,0.6,0.6,3,17.0
13,10,13_10,The House Queens,tt15533012,1.1,0.0,0.5,0.0,1.1,2.6,15.3,23.3,22.2,33.9,0.1709090909090909,2.2945454545454544,0.0254545454545454,3.1345454545454547,0.0581818181818181,1.9054545454545455,1.5127272727272727,43.2,0.6,0.6,3,17.0
14,1,14_1,"The chassis, the wings",tt21109564,0.0,0.0,1.6,0.5,0.5,4.3,25.5,32.1,14.7,20.7,0.2006802721088435,2.4776785714285716,0.0204778156996587,3.1345454545454547,0.0653846153846153,1.99625468164794,1.6123348017621146,33.6,0.4,0.8,4,20.0
14,2,14_2,Enormous hugeness,tt21111240,0.0,0.0,0.0,0.5,0.0,2.7,15.7,29.2,22.2,29.7,0.2242647058823529,2.5588235294117645,0.9742647058823528,3.1654411764705883,1.0404411764705883,2.0330882352941178,1.6691176470588236,33.6,0.4,0.8,4,20.0
14,3,14_3,Dafty in the middle,tt21111236,0.0,0.0,0.0,0.6,0.0,3.4,18.4,25.7,24.0,27.9,0.2951388888888889,2.5277777777777777,0.0138888888888888,3.076388888888889,0.03125,1.9027777777777777,1.5347222222222223,33.6,0.4,0.8,4,20.0
14,4,14_4,Crumbs in my bralette,tt21111238,0.6,0.0,0.6,0.0,0.6,6.8,26.1,34.2,9.3,21.7,0.2415094339622641,2.550943396226415,0.0377358490566037,3.0150943396226415,0.0452830188679245,1.8641509433962264,1.6830188679245284,33.6,0.4,0.8,4,20.0
14,5,14_5,Chip Biffington,tt21111246,0.0,0.0,0.6,0.0,1.2,4.2,26.5,28.3,15.7,23.5,0.2330827067669172,2.3834586466165413,0.0150375939849624,3.030075187969925,0.0601503759398496,1.7969924812030076,1.4962406015037597,33.6,0.4,0.8,4,20.0
14,6,14_6,Long-legged lobster,tt21111244,0.0,0.0,0.6,0.6,0.6,3.8,26.9,30.6,14.4,22.5,0.2006802721088435,2.4776785714285716,0.0204778156996587,3.1345454545454547,0.0653846153846153,1.99625468164794,1.6123348017621146,33.6,0.4,0.8,4,20.0
14,7,14_7,The system of endless plates,tt21111242,0.0,0.0,0.6,0.6,1.2,4.3,21.1,29.2,19.3,23.6,0.1853448275862069,2.435344827586207,0.0086206896551724,2.9525862068965516,0.043103448275862,1.8577586206896552,1.4224137931034482,33.6,0.4,0.8,4,20.0
15,1,15_1,The curse of politeness,tt23902930,3.4,2.0,1.0,1.0,2.5,5.9,19.2,33.0,14.3,17.7,0.2105263157894736,2.506072874493927,0.0161943319838056,2.9635627530364372,0.0850202429149797,2.0445344129554655,1.6923076923076923,35.8,0.2,0.6,4,22.5
15,2,15_2,Trapped in a loveless marriage,tt23902956,2.2,2.2,0.5,0.5,2.7,3.8,23.1,33.0,9.9,22.0,0.1910569105691057,2.540650406504065,0.016260162601626,2.959349593495935,0.0365853658536585,1.9471544715447155,1.6585365853658536,35.8,0.2,0.6,4,22.5
15,3,15_3,I love to squander promise,tt23902962,2.4,1.8,1.2,1.2,2.4,4.8,26.2,32.1,10.1,17.9,0.3153526970954357,2.6473029045643153,0.0248962655601659,3.033195020746888,0.0414937759336099,2.1701244813278007,1.6348547717842323,35.8,0.2,0.6,4,22.5
15,4,15_4,How heavy is the water?,tt23902970,3.0,1.2,1.8,0.6,0.6,3.0,22.9,32.5,13.9,20.5,0.2006802721088435,2.4776785714285716,0.0204778156996587,3.1345454545454547,0.0653846153846153,1.99625468164794,1.6123348017621146,35.8,0.2,0.6,4,22.5
15,5,15_5,Old Honkfoot,tt23902982,1.8,1.2,2.5,1.2,1.2,5.5,21.5,35.6,10.4,19.0,0.2272727272727272,2.553719008264463,0.0165289256198347,2.950413223140496,0.0289256198347107,1.9710743801652892,1.6363636363636365,35.8,0.2,0.6,4,22.5
15,6,15_6,It's my milk now,tt23903024,2.5,1.3,0.0,2.5,1.9,5.7,28.5,29.7,9.5,18.4,0.2341269841269841,2.6865079365079363,0.0317460317460317,3.0555555555555554,0.0515873015873015,2.003968253968254,1.6865079365079363,35.8,0.2,0.6,4,22.5
15,7,15_7,Schrödinger's egg,tt23903042,2.0,1.3,0.0,0.7,2.6,4.6,28.1,31.4,11.1,18.3,0.1589147286821705,2.643410852713178,0.0077519379844961,3.0271317829457365,0.0155038759689922,2.065891472868217,1.631782945736434,35.8,0.2,0.6,4,22.5
15,8,15_8,100% Bosco,tt23903082,2.6,0.7,1.3,1.3,2.0,5.3,21.9,34.4,10.6,19.9,0.1927710843373494,2.538152610441767,0.0080321285140562,3.0963855421686746,0.0240963855421686,2.0642570281124497,1.6465863453815262,35.8,0.2,0.6,4,22.5
15,9,15_9,A show about pedantry,tt23903090,2.0,0.7,0.7,0.7,2.0,0.7,26.8,33.6,12.1,20.8,0.221311475409836,2.5491803278688523,0.0163934426229508,2.9795081967213113,0.0491803278688524,2.069672131147541,1.5040983606557377,35.8,0.2,0.6,4,22.5
15,10,15_10,A yardstick for failure,tt23903100,3.9,1.3,0.7,1.3,0.0,5.3,23.7,34.2,11.8,17.8,0.2006802721088435,2.4776785714285716,0.0204778156996587,3.1345454545454547,0.0653846153846153,1.99625468164794,1.6123348017621146,35.8,0.2,0.6,4,22.5
16,1,16_1,The natural friends,tt29259800,0.0,1.5,0.5,0.5,0.5,6.4,15.8,29.6,22.2,23.2,0.1666666666666666,2.5921985815602837,0.7269503546099291,3.074468085106383,1.283687943262411,1.8475177304964536,1.5886524822695036,45.0,0.6,0.4,3,32.5
16,2,16_2,Hell is here,tt29259803,0.6,0.6,0.6,1.2,1.8,7.6,28.1,32.7,11.1,15.8,0.1291390728476821,2.506622516556291,0.0298013245033112,3.248344370860927,0.0794701986754966,2.052980132450331,1.6158940397350994,45.0,0.6,0.4,3,32.5
16,3,16_3,Languidly,tt29259806,1.3,0.0,1.3,0.0,1.9,6.3,28.5,35.4,9.5,15.8,0.1701388888888889,2.7847222222222223,0.0277777777777777,3.170138888888889,0.0833333333333333,1.9826388888888888,1.78125,45.0,0.6,0.4,3,32.5
16,4,16_4,Dynamite chicks,tt29259808,0.0,0.0,0.0,1.3,2.6,6.6,28.3,37.5,11.8,11.8,0.1628664495114006,2.488599348534202,0.01628664495114,3.244299674267101,0.0912052117263843,1.960912052117264,1.5993485342019544,45.0,0.6,0.4,3,32.5
16,5,16_5,Skateboard Division,tt29259809,0.0,0.6,0.6,0.6,1.3,8.4,29.9,33.8,11.7,13.0,0.2307692307692307,2.457692307692308,0.0307692307692307,3.223076923076923,0.0269230769230769,2.019230769230769,1.6538461538461535,45.0,0.6,0.4,3,32.5
16,6,16_6,Brother Alex,tt29259810,0.6,0.0,1.3,1.9,3.8,6.4,23.7,36.5,11.5,14.1,0.2078853046594982,2.3405017921146953,0.039426523297491,3.2114695340501793,0.057347670250896,1.896057347670251,1.4731182795698925,45.0,0.6,0.4,3,32.5
16,7,16_7,I'm off to find a robin,tt29259813,0.0,0.7,0.0,2.8,0.7,9.0,29.0,31.0,9.7,17.2,0.2621722846441947,2.700374531835206,0.0262172284644194,2.955056179775281,0.0711610486891385,1.99625468164794,1.704119850187266,45.0,0.6,0.4,3,32.5
16,8,16_8,Never packed a boot,tt29259816,0.0,0.0,0.7,0.0,1.3,8.0,18.7,28.7,20.0,22.7,0.1063829787234042,2.4574468085106385,0.0248226950354609,3.1631205673758864,0.0851063829787234,1.8439716312056735,1.475177304964539,45.0,0.6,0.4,3,32.5
16,9,16_9,Fagin at the disco,tt29259817,0.7,0.7,0.0,2.8,1.4,3.5,27.5,38.7,7.7,16.9,0.2267657992565055,2.620817843866171,0.0185873605947955,3.029739776951673,0.0297397769516728,2.159851301115242,1.6133828996282529,45.0,0.6,0.4,3,32.5
16,10,16_10,Always forks and marbles,tt29259818,0.0,0.0,1.8,1.2,0.6,6.7,12.2,26.2,20.1,31.1,0.2186234817813765,2.736842105263158,0.0283400809716599,2.931174089068826,0.1295546558704453,2.020242914979757,1.5587044534412955,45.0,0.6,0.4,3,32.5
17,1,17_1,Grappling with my life,tt30888389,1.8,1.8,0.6,1.2,3.0,6.6,30.1,30.7,10.2,13.9,0.0850439882697947,2.4222873900293256,0.5161290322580645,3.313782991202346,1.5777126099706744,1.747800586510264,1.521994134897361,43.6,0.4,0.4,3,18.0
17,2,17_2,Jumungo,tt30910497,2.2,0.7,0.7,1.4,2.2,6.5,38.4,29.0,5.8,13.0,0.1815181518151815,2.495049504950495,0.6732673267326733,3.102310231023102,1.2475247524752475,1.933993399339934,1.4554455445544554,43.6,0.4,0.4,3,18.0
17,3,17_3,Some impropriety?,tt30910798,1.5,0.0,0.0,3.7,3.7,3.7,33.1,34.6,5.1,14.7,0.1141868512110726,2.640138408304498,0.0103806228373702,3.176470588235294,0.0484429065743944,1.930795847750865,1.4636678200692042,43.6,0.4,0.4,3,18.0
17,4,17_4,Apropos of Apoppo,tt30954602,1.6,0.8,0.0,2.4,3.2,3.2,41.6,28.8,5.6,12.8,0.0970873786407767,2.686084142394822,0.0194174757281553,3.1262135922330097,0.0711974110032362,1.9579288025889967,1.6731391585760518,43.6,0.4,0.4,3,18.0
17,5,17_5,Snooker cue umbrella chin,tt30954614,0.8,1.7,0.0,1.7,4.1,7.4,41.3,24.8,4.1,14.0,0.1395348837209302,2.53156146179402,0.7441860465116279,3.109634551495017,1.2159468438538206,2.046511627906977,1.7408637873754154,43.6,0.4,0.4,3,18.0
17,6,17_6,A three ring man,tt30954632,2.5,0.8,0.0,1.7,1.7,1.7,33.1,28.9,13.2,16.5,0.25,2.6184210526315788,0.0131578947368421,3.960526315789474,0.0263157894736842,2.1710526315789473,2.039473684210526,43.6,0.4,0.4,3,18.0
17,7,17_7,Dream date territory,tt30954638,0.8,1.7,0.0,0.8,2.5,5.0,37.8,30.3,8.4,12.6,0.1263157894736842,2.645614035087719,0.0105263157894736,3.094736842105263,0.0456140350877193,2.0385964912280703,1.687719298245614,43.6,0.4,0.4,3,18.0
17,8,17_8,The umbrella wink,tt30954645,0.8,0.8,0.0,0.8,0.8,4.0,24.0,40.0,13.6,15.2,0.1302931596091205,2.729641693811075,0.749185667752443,3.1335504885993486,1.244299674267101,2.009771986970684,1.5700325732899023,43.6,0.4,0.4,3,18.0
17,9,17_9,Assistantbury,tt30954655,0.9,0.9,0.9,2.7,1.8,8.8,40.7,26.5,4.4,12.4,0.2006802721088435,2.510204081632653,0.6224489795918368,3.17687074829932,1.3401360544217686,1.965986394557823,1.619047619047619,43.6,0.4,0.4,3,18.0
17,10,17_10,Ambience and information,tt30954662,1.6,0.0,0.0,0.8,1.6,7.4,28.7,32.0,11.5,16.4,0.2006802721088435,2.4776785714285716,0.0204778156996587,3.1345454545454547,0.0653846153846153,1.99625468164794,1.6123348017621146,43.6,0.4,0.4,3,18.0
18,1,18_1,The faceless facilitators,tt32505150,14.5,3.9,1.6,3.5,3.5,5.5,18.4,18.0,6.7,24.3,0.1423076923076923,2.5653846153846156,0.0192307692307692,3.2,0.0653846153846153,2.003846153846154,1.75,16.6,0.4,0.4,2,23.0
18,2,18_2,...and then a detective comes in,tt32505167,11.9,3.3,2.4,1.4,4.8,6.7,20.0,15.7,7.1,26.7,0.0866873065015479,2.3993808049535605,0.0154798761609907,3.151702786377709,0.0743034055727554,1.7554179566563468,1.4953560371517027,16.6,0.4,0.4,2,23.0
18,3,18_3,The gangsters of the sea,tt32505755,10.6,0.6,2.5,0.6,1.2,4.3,19.3,25.5,14.3,21.1,0.2090032154340836,2.446945337620579,0.0289389067524115,3.1607717041800645,0.1061093247588424,1.9710610932475885,1.4083601286173633,16.6,0.4,0.4,2,23.0
18,4,18_4,I'm a girl who likes a clean line,tt32506105,11.2,0.7,2.1,0.0,3.5,8.4,28.0,22.4,7.7,16.1,0.288135593220339,2.440677966101695,0.0254237288135593,3.139830508474576,0.059322033898305,2.2542372881355934,1.5169491525423728,16.6,0.4,0.4,2,23.0
18,5,18_5,Big stupid things,tt32506288,9.9,0.0,0.7,0.7,2.1,2.1,19.7,27.5,14.8,22.5,0.2241379310344827,2.4482758620689653,0.0206896551724137,3.0620689655172413,0.0862068965517241,1.813793103448276,1.406896551724138,16.6,0.4,0.4,2,23.0
18,6,18_6,A dance as old as time itself,tt32507206,9.2,0.0,0.8,1.5,1.5,3.8,22.1,29.0,13.0,19.1,0.2006802721088435,2.4776785714285716,0.0204778156996587,3.1345454545454547,0.0653846153846153,1.99625468164794,1.6123348017621146,16.6,0.4,0.4,2,23.0
18,7,18_7,Captain Jackie and the hotdog,tt32507221,9.7,0.0,0.8,0.0,2.4,4.0,26.6,27.4,9.7,19.4,0.2006802721088435,2.4776785714285716,0.0204778156996587,3.1345454545454547,0.0653846153846153,1.99625468164794,1.6123348017621146,16.6,0.4,0.4,2,23.0
18,8,18_8,The Nexus of Truth,tt32507270,8.7,0.0,0.8,0.8,0.8,6.3,23.0,28.6,10.3,20.6,0.2006802721088435,2.4776785714285716,0.0204778156996587,3.1345454545454547,0.0653846153846153,1.99625468164794,1.6123348017621146,16.6,0.4,0.4,2,23.0
18,9,18_9,The cockle children,tt32507291,8.6,0.0,0.9,0.9,0.9,6.0,31.9,25.0,5.2,20.7,0.2006802721088435,2.4776785714285716,0.0204778156996587,3.1345454545454547,0.0653846153846153,1.99625468164794,1.6123348017621146,16.6,0.4,0.4,2,23.0
18,10,18_10,Le goose,tt32507737,8.6,1.7,0.0,0.0,0.9,5.2,31.9,24.1,6.9,20.7,0.2006802721088435,2.4776785714285716,0.0204778156996587,3.1345454545454547,0.0653846153846153,1.99625468164794,1.6123348017621146,16.6,0.4,0.4,2,23.0
